<root xmlns:xlink="http://www.w3.org/1999/xlink">
  <g id="acyl-filter">
    <filter id="filter" x="-50%" y="-50%" width="200%" height="200%">
      <feFlood id="feFlood1" flood-opacity="0.50" flood-color="rgb(114,159,207)" result="flood"/>
      <feComposite id="feComposite1" in2="SourceGraphic" in="flood" operator="in" result="composite1"/>
      <feGaussianBlur id="feGaussianBlur1" in="composite" stdDeviation="1.00" result="blur"/>
      <feOffset id="feOffset1" dx="2.00" dy="2.00" result="offset"/>
      <feComposite id="feComposite2" in2="offset" in="SourceGraphic" operator="over" result="composite2"/>
    </filter>
  </g>
  <g id="acyl-visual">
    <use id="visible1" transform="translate(24,24) scale(1.00) translate(-24,-24)" style="fill:url(#acyl-gradient);filter:url(#filter)" xlink:href="#acyl-drawing"/>
  </g>
</root>
