<root xmlns:xlink="http://www.w3.org/1999/xlink">
  <g id="acyl-filter">
    <filter id="filter" x="-50%" y="-50%" width="200%" height="200%">
      <feGaussianBlur id="feGaussianBlur1" stdDeviation="2.00" result="result1"/>
      <feComposite id="feComposite1" in="SourceGraphic" in2="result1" operator="atop" result="result2"/>
      <feComposite id="feComposite2" in="result2" in2="SourceAlpha" operator="over"/>
      <feColorMatrix id="feColorMatrix1" values="1 0 0 0 0 0 1 0 0 0 0 0 1 0 0 0 0 0 1 0 " result="result3"/>
      <feBlend id="feBlend1" in="result3" in2="result1" mode="normal"/>
    </filter>
  </g>
  <g id="acyl-visual">
    <use id="visible1" transform="translate(24,24) scale(1.00) translate(-24,-24)" style="fill:url(#acyl-gradient);filter:url(#filter)" xlink:href="#acyl-drawing"/>
  </g>
</root>
